"LOCATION","INDICATOR","SUBJECT","MEASURE","FREQUENCY","TIME","Value","Flag Codes"
"AUS","EDUADULT","TRY_WOMEN","PC_25_64","A","1989",35.465088,
"AUS","EDUADULT","TRY_WOMEN","PC_25_64","A","1991",35.655266,
"AUS","EDUADULT","TRY_WOMEN","PC_25_64","A","1993",21.418512,
"AUS","EDUADULT","TRY_WOMEN","PC_25_64","A","1994",21.740088,
"AUS","EDUADULT","TRY_WOMEN","PC_25_64","A","1995",22.807888,
"AUS","EDUADULT","TRY_WOMEN","PC_25_64","A","1997",24.797144,
"AUS","EDUADULT","TRY_WOMEN","PC_25_64","A","1998",26.414537,
"AUS","EDUADULT","TRY_WOMEN","PC_25_64","A","1999",27.711052,
"AUS","EDUADULT","TRY_WOMEN","PC_25_64","A","2000",28.838318,
"AUS","EDUADULT","TRY_WOMEN","PC_25_64","A","2001",30.789335,
"AUS","EDUADULT","TRY_WOMEN","PC_25_64","A","2002",32.061394,
"AUS","EDUADULT","TRY_WOMEN","PC_25_64","A","2003",32.682934,
"AUS","EDUADULT","TRY_WOMEN","PC_25_64","A","2004",32.562542,
"AUS","EDUADULT","TRY_WOMEN","PC_25_64","A","2005",33.12809,
"AUS","EDUADULT","TRY_WOMEN","PC_25_64","A","2006",35.344658,
"AUS","EDUADULT","TRY_WOMEN","PC_25_64","A","2007",36.054111,
"AUS","EDUADULT","TRY_WOMEN","PC_25_64","A","2008",39.232346,
"AUS","EDUADULT","TRY_WOMEN","PC_25_64","A","2009",39.784927,
"AUS","EDUADULT","TRY_WOMEN","PC_25_64","A","2010",40.772198,
"AUS","EDUADULT","TRY_WOMEN","PC_25_64","A","2011",42.043972,
"AUS","EDUADULT","TRY_WOMEN","PC_25_64","A","2012",44.97641,
"AUS","EDUADULT","TRY_WOMEN","PC_25_64","A","2013",43.913063,
"AUS","EDUADULT","TRY_WOMEN","PC_25_64","A","2014",45.340527,
"AUS","EDUADULT","TRY_WOMEN","PC_25_64","A","2015",47.239651,
"AUS","EDUADULT","TRY_WOMEN","PC_25_64","A","2016",47.630001,
"AUS","EDUADULT","TRY_WOMEN","PC_25_64","A","2017",50.127247,
"AUS","EDUADULT","TRY_WOMEN","PC_25_64","A","2018",50.837093,
"AUS","EDUADULT","TRY_WOMEN","PC_25_64","A","2019",51.648521,
"AUT","EDUADULT","TRY_WOMEN","PC_25_64","A","2004",20.959906,
"AUT","EDUADULT","TRY_WOMEN","PC_25_64","A","2005",21.409132,
"AUT","EDUADULT","TRY_WOMEN","PC_25_64","A","2006",22.137461,
"AUT","EDUADULT","TRY_WOMEN","PC_25_64","A","2007",22.145061,
"AUT","EDUADULT","TRY_WOMEN","PC_25_64","A","2008",23.499393,
"AUT","EDUADULT","TRY_WOMEN","PC_25_64","A","2009",24.682976,
"AUT","EDUADULT","TRY_WOMEN","PC_25_64","A","2010",25.881966,
"AUT","EDUADULT","TRY_WOMEN","PC_25_64","A","2011",25.959198,
"AUT","EDUADULT","TRY_WOMEN","PC_25_64","A","2012",26.770844,
"AUT","EDUADULT","TRY_WOMEN","PC_25_64","A","2013",28.151951,
"AUT","EDUADULT","TRY_WOMEN","PC_25_64","A","2014",28.621651,
"AUT","EDUADULT","TRY_WOMEN","PC_25_64","A","2015",29.142385,
"AUT","EDUADULT","TRY_WOMEN","PC_25_64","A","2016",30.600239,
"AUT","EDUADULT","TRY_WOMEN","PC_25_64","A","2017",31.872847,
"AUT","EDUADULT","TRY_WOMEN","PC_25_64","A","2018",31.769451,
"AUT","EDUADULT","TRY_WOMEN","PC_25_64","A","2019",33.357452,
"BEL","EDUADULT","TRY_WOMEN","PC_25_64","A","1989",15.446197,
"BEL","EDUADULT","TRY_WOMEN","PC_25_64","A","1991",18.616419,
"BEL","EDUADULT","TRY_WOMEN","PC_25_64","A","1992",19.710215,
"BEL","EDUADULT","TRY_WOMEN","PC_25_64","A","1994",22.410318,
"BEL","EDUADULT","TRY_WOMEN","PC_25_64","A","1995",24.733135,
"BEL","EDUADULT","TRY_WOMEN","PC_25_64","A","2000",27.610184,
"BEL","EDUADULT","TRY_WOMEN","PC_25_64","A","2001",28.119604,
"BEL","EDUADULT","TRY_WOMEN","PC_25_64","A","2002",28.908737,
"BEL","EDUADULT","TRY_WOMEN","PC_25_64","A","2003",29.820688,
"BEL","EDUADULT","TRY_WOMEN","PC_25_64","A","2004",31.359032,
"BEL","EDUADULT","TRY_WOMEN","PC_25_64","A","2005",32.211079,
"BEL","EDUADULT","TRY_WOMEN","PC_25_64","A","2006",32.99017,
"BEL","EDUADULT","TRY_WOMEN","PC_25_64","A","2007",33.718624,
"BEL","EDUADULT","TRY_WOMEN","PC_25_64","A","2008",33.974564,
"BEL","EDUADULT","TRY_WOMEN","PC_25_64","A","2009",35.328266,
"BEL","EDUADULT","TRY_WOMEN","PC_25_64","A","2010",36.989594,
"BEL","EDUADULT","TRY_WOMEN","PC_25_64","A","2011",36.821182,
"BEL","EDUADULT","TRY_WOMEN","PC_25_64","A","2012",37.926952,
"BEL","EDUADULT","TRY_WOMEN","PC_25_64","A","2013",38.285236,
"BEL","EDUADULT","TRY_WOMEN","PC_25_64","A","2014",39.860054,
"BEL","EDUADULT","TRY_WOMEN","PC_25_64","A","2015",40.091373,
"BEL","EDUADULT","TRY_WOMEN","PC_25_64","A","2016",40.828674,
"BEL","EDUADULT","TRY_WOMEN","PC_25_64","A","2017",43.657627,
"BEL","EDUADULT","TRY_WOMEN","PC_25_64","A","2018",44.334103,
"BEL","EDUADULT","TRY_WOMEN","PC_25_64","A","2019",44.806469,
"CAN","EDUADULT","TRY_WOMEN","PC_25_64","A","1981",21.186768,
"CAN","EDUADULT","TRY_WOMEN","PC_25_64","A","1990",28.259064,
"CAN","EDUADULT","TRY_WOMEN","PC_25_64","A","1991",28.416191,
"CAN","EDUADULT","TRY_WOMEN","PC_25_64","A","1992",29.247053,
"CAN","EDUADULT","TRY_WOMEN","PC_25_64","A","1993",30.773291,
"CAN","EDUADULT","TRY_WOMEN","PC_25_64","A","1994",34.7215,
"CAN","EDUADULT","TRY_WOMEN","PC_25_64","A","1995",36.014885,
"CAN","EDUADULT","TRY_WOMEN","PC_25_64","A","1996",37.443039,
"CAN","EDUADULT","TRY_WOMEN","PC_25_64","A","1997",39.31966,
"CAN","EDUADULT","TRY_WOMEN","PC_25_64","A","1998",40.059422,
"CAN","EDUADULT","TRY_WOMEN","PC_25_64","A","1999",41.448174,
"CAN","EDUADULT","TRY_WOMEN","PC_25_64","A","2000",42.533607,
"CAN","EDUADULT","TRY_WOMEN","PC_25_64","A","2001",44.336918,
"CAN","EDUADULT","TRY_WOMEN","PC_25_64","A","2002",45.580956,
"CAN","EDUADULT","TRY_WOMEN","PC_25_64","A","2003",46.709377,
"CAN","EDUADULT","TRY_WOMEN","PC_25_64","A","2004",47.751583,
"CAN","EDUADULT","TRY_WOMEN","PC_25_64","A","2005",49.375427,
"CAN","EDUADULT","TRY_WOMEN","PC_25_64","A","2006",50.499496,
"CAN","EDUADULT","TRY_WOMEN","PC_25_64","A","2007",52.201885,
"CAN","EDUADULT","TRY_WOMEN","PC_25_64","A","2008",52.928272,
"CAN","EDUADULT","TRY_WOMEN","PC_25_64","A","2009",53.706112,
"CAN","EDUADULT","TRY_WOMEN","PC_25_64","A","2010",55.174629,
"CAN","EDUADULT","TRY_WOMEN","PC_25_64","A","2011",56.068321,
"CAN","EDUADULT","TRY_WOMEN","PC_25_64","A","2012",57.794395,
"CAN","EDUADULT","TRY_WOMEN","PC_25_64","A","2013",58.730656,
"CAN","EDUADULT","TRY_WOMEN","PC_25_64","A","2014",59.124844,
"CAN","EDUADULT","TRY_WOMEN","PC_25_64","A","2015",61.063675,
"CAN","EDUADULT","TRY_WOMEN","PC_25_64","A","2016",62.385227,
"CAN","EDUADULT","TRY_WOMEN","PC_25_64","A","2017",62.985828,
"CAN","EDUADULT","TRY_WOMEN","PC_25_64","A","2018",64.394012,
"CAN","EDUADULT","TRY_WOMEN","PC_25_64","A","2019",65.525139,
"CZE","EDUADULT","TRY_WOMEN","PC_25_64","A","1994",7.8054962,
"CZE","EDUADULT","TRY_WOMEN","PC_25_64","A","1995",8.1785927,
"CZE","EDUADULT","TRY_WOMEN","PC_25_64","A","1997",8.3710794,
"CZE","EDUADULT","TRY_WOMEN","PC_25_64","A","1998",8.4804907,
"CZE","EDUADULT","TRY_WOMEN","PC_25_64","A","1999",9.0652227,
"CZE","EDUADULT","TRY_WOMEN","PC_25_64","A","2000",9.284236,
"CZE","EDUADULT","TRY_WOMEN","PC_25_64","A","2001",9.393425,
"CZE","EDUADULT","TRY_WOMEN","PC_25_64","A","2002",10.125204,
"CZE","EDUADULT","TRY_WOMEN","PC_25_64","A","2003",10.454591,
"CZE","EDUADULT","TRY_WOMEN","PC_25_64","A","2004",10.768107,
"CZE","EDUADULT","TRY_WOMEN","PC_25_64","A","2005",11.645926,
"CZE","EDUADULT","TRY_WOMEN","PC_25_64","A","2006",12.281507,
"CZE","EDUADULT","TRY_WOMEN","PC_25_64","A","2007",12.63084,
"CZE","EDUADULT","TRY_WOMEN","PC_25_64","A","2008",13.740888,
"CZE","EDUADULT","TRY_WOMEN","PC_25_64","A","2009",14.90211,
"CZE","EDUADULT","TRY_WOMEN","PC_25_64","A","2010",16.267406,
"CZE","EDUADULT","TRY_WOMEN","PC_25_64","A","2011",18.065575,
"CZE","EDUADULT","TRY_WOMEN","PC_25_64","A","2012",19.544611,
"CZE","EDUADULT","TRY_WOMEN","PC_25_64","A","2013",20.968353,
"CZE","EDUADULT","TRY_WOMEN","PC_25_64","A","2014",22.367245,
"CZE","EDUADULT","TRY_WOMEN","PC_25_64","A","2015",23.440073,
"CZE","EDUADULT","TRY_WOMEN","PC_25_64","A","2016",24.062445,
"CZE","EDUADULT","TRY_WOMEN","PC_25_64","A","2017",25.483604,
"CZE","EDUADULT","TRY_WOMEN","PC_25_64","A","2018",26.133144,
"CZE","EDUADULT","TRY_WOMEN","PC_25_64","A","2019",26.108458,
"DNK","EDUADULT","TRY_WOMEN","PC_25_64","A","1981",13.891511,
"DNK","EDUADULT","TRY_WOMEN","PC_25_64","A","1988",17.285822,
"DNK","EDUADULT","TRY_WOMEN","PC_25_64","A","1991",18.390015,
"DNK","EDUADULT","TRY_WOMEN","PC_25_64","A","1992",19.446356,
"DNK","EDUADULT","TRY_WOMEN","PC_25_64","A","1994",20.001463,
"DNK","EDUADULT","TRY_WOMEN","PC_25_64","A","1995",22.09598,
"DNK","EDUADULT","TRY_WOMEN","PC_25_64","A","1998",26.507191,
"DNK","EDUADULT","TRY_WOMEN","PC_25_64","A","1999",27.086575,
"DNK","EDUADULT","TRY_WOMEN","PC_25_64","A","2000",27.176115,
"DNK","EDUADULT","TRY_WOMEN","PC_25_64","A","2001",30.982752,
"DNK","EDUADULT","TRY_WOMEN","PC_25_64","A","2002",31.70907,
"DNK","EDUADULT","TRY_WOMEN","PC_25_64","A","2003",33.449036,
"DNK","EDUADULT","TRY_WOMEN","PC_25_64","A","2004",34.922371,
"DNK","EDUADULT","TRY_WOMEN","PC_25_64","A","2005",36.18129,
"DNK","EDUADULT","TRY_WOMEN","PC_25_64","A","2006",37.015888,
"DNK","EDUADULT","TRY_WOMEN","PC_25_64","A","2007",33.536175,
"DNK","EDUADULT","TRY_WOMEN","PC_25_64","A","2008",33.643822,
"DNK","EDUADULT","TRY_WOMEN","PC_25_64","A","2009",35.535122,
"DNK","EDUADULT","TRY_WOMEN","PC_25_64","A","2010",36.495869,
"DNK","EDUADULT","TRY_WOMEN","PC_25_64","A","2011",37.852802,
"DNK","EDUADULT","TRY_WOMEN","PC_25_64","A","2012",39.937965,
"DNK","EDUADULT","TRY_WOMEN","PC_25_64","A","2013",40.422455,
"DNK","EDUADULT","TRY_WOMEN","PC_25_64","A","2014",40.692032,
"DNK","EDUADULT","TRY_WOMEN","PC_25_64","A","2015",42.565228,
"DNK","EDUADULT","TRY_WOMEN","PC_25_64","A","2016",42.522121,
"DNK","EDUADULT","TRY_WOMEN","PC_25_64","A","2017",44.316708,
"DNK","EDUADULT","TRY_WOMEN","PC_25_64","A","2018",45.166317,
"DNK","EDUADULT","TRY_WOMEN","PC_25_64","A","2019",45.869457,
"FIN","EDUADULT","TRY_WOMEN","PC_25_64","A","2000",35.872776,
"FIN","EDUADULT","TRY_WOMEN","PC_25_64","A","2003",36.957314,
"FIN","EDUADULT","TRY_WOMEN","PC_25_64","A","2004",38.462265,
"FIN","EDUADULT","TRY_WOMEN","PC_25_64","A","2005",39.401237,
"FIN","EDUADULT","TRY_WOMEN","PC_25_64","A","2006",40.362099,
"FIN","EDUADULT","TRY_WOMEN","PC_25_64","A","2007",41.661633,
"FIN","EDUADULT","TRY_WOMEN","PC_25_64","A","2008",42.23674,
"FIN","EDUADULT","TRY_WOMEN","PC_25_64","A","2009",43.27985,
"FIN","EDUADULT","TRY_WOMEN","PC_25_64","A","2010",43.969322,
"FIN","EDUADULT","TRY_WOMEN","PC_25_64","A","2011",45.724716,
"FIN","EDUADULT","TRY_WOMEN","PC_25_64","A","2012",46.156898,
"FIN","EDUADULT","TRY_WOMEN","PC_25_64","A","2013",47.075142,
"FIN","EDUADULT","TRY_WOMEN","PC_25_64","A","2014",48.469807,
"FIN","EDUADULT","TRY_WOMEN","PC_25_64","A","2015",49.341976,
"FIN","EDUADULT","TRY_WOMEN","PC_25_64","A","2016",50.7971,
"FIN","EDUADULT","TRY_WOMEN","PC_25_64","A","2017",52.151714,
"FIN","EDUADULT","TRY_WOMEN","PC_25_64","A","2018",53.070175,
"FIN","EDUADULT","TRY_WOMEN","PC_25_64","A","2019",53.511948,
"FRA","EDUADULT","TRY_WOMEN","PC_25_64","A","1981",10.557167,
"FRA","EDUADULT","TRY_WOMEN","PC_25_64","A","1989",13.397391,
"FRA","EDUADULT","TRY_WOMEN","PC_25_64","A","1991",14.894364,
"FRA","EDUADULT","TRY_WOMEN","PC_25_64","A","1992",15.635099,
"FRA","EDUADULT","TRY_WOMEN","PC_25_64","A","1994",17.900284,
"FRA","EDUADULT","TRY_WOMEN","PC_25_64","A","1995",18.855011,
"FRA","EDUADULT","TRY_WOMEN","PC_25_64","A","1997",20.317392,
"FRA","EDUADULT","TRY_WOMEN","PC_25_64","A","1998",21.06875,
"FRA","EDUADULT","TRY_WOMEN","PC_25_64","A","1999",21.89205,
"FRA","EDUADULT","TRY_WOMEN","PC_25_64","A","2000",22.027519,
"FRA","EDUADULT","TRY_WOMEN","PC_25_64","A","2001",23.550108,
"FRA","EDUADULT","TRY_WOMEN","PC_25_64","A","2002",24.844231,
"FRA","EDUADULT","TRY_WOMEN","PC_25_64","A","2003",24.76334,
"FRA","EDUADULT","TRY_WOMEN","PC_25_64","A","2004",25.431391,
"FRA","EDUADULT","TRY_WOMEN","PC_25_64","A","2005",26.555849,
"FRA","EDUADULT","TRY_WOMEN","PC_25_64","A","2006",27.580599,
"FRA","EDUADULT","TRY_WOMEN","PC_25_64","A","2007",27.973269,
"FRA","EDUADULT","TRY_WOMEN","PC_25_64","A","2008",29.074776,
"FRA","EDUADULT","TRY_WOMEN","PC_25_64","A","2009",30.428736,
"FRA","EDUADULT","TRY_WOMEN","PC_25_64","A","2010",30.673267,
"FRA","EDUADULT","TRY_WOMEN","PC_25_64","A","2011",31.422382,
"FRA","EDUADULT","TRY_WOMEN","PC_25_64","A","2012",32.671661,
"FRA","EDUADULT","TRY_WOMEN","PC_25_64","A","2013",34.049885,
"FRA","EDUADULT","TRY_WOMEN","PC_25_64","A","2014",35.7752,
"FRA","EDUADULT","TRY_WOMEN","PC_25_64","A","2015",36.540623,
"FRA","EDUADULT","TRY_WOMEN","PC_25_64","A","2016",36.876068,
"FRA","EDUADULT","TRY_WOMEN","PC_25_64","A","2017",37.543358,
"FRA","EDUADULT","TRY_WOMEN","PC_25_64","A","2018",39.442608,
"FRA","EDUADULT","TRY_WOMEN","PC_25_64","A","2019",40.550228,
"DEU","EDUADULT","TRY_WOMEN","PC_25_64","A","1989",10.403635,
"DEU","EDUADULT","TRY_WOMEN","PC_25_64","A","1991",15.296329,
"DEU","EDUADULT","TRY_WOMEN","PC_25_64","A","1992",15.162838,
"DEU","EDUADULT","TRY_WOMEN","PC_25_64","A","1994",16.095867,
"DEU","EDUADULT","TRY_WOMEN","PC_25_64","A","1995",16.574541,
"DEU","EDUADULT","TRY_WOMEN","PC_25_64","A","1997",16.959478,
"DEU","EDUADULT","TRY_WOMEN","PC_25_64","A","1998",17.424431,
"DEU","EDUADULT","TRY_WOMEN","PC_25_64","A","1999",17.549835,
"DEU","EDUADULT","TRY_WOMEN","PC_25_64","A","2000",18.325188,
"DEU","EDUADULT","TRY_WOMEN","PC_25_64","A","2001",18.192644,
"DEU","EDUADULT","TRY_WOMEN","PC_25_64","A","2002",18.611786,
"DEU","EDUADULT","TRY_WOMEN","PC_25_64","A","2003",19.370392,
"DEU","EDUADULT","TRY_WOMEN","PC_25_64","A","2004",20.601019,
"DEU","EDUADULT","TRY_WOMEN","PC_25_64","A","2005",20.297405,
"DEU","EDUADULT","TRY_WOMEN","PC_25_64","A","2006",20.147552,
"DEU","EDUADULT","TRY_WOMEN","PC_25_64","A","2007",20.749664,
"DEU","EDUADULT","TRY_WOMEN","PC_25_64","A","2008",21.83062,
"DEU","EDUADULT","TRY_WOMEN","PC_25_64","A","2009",23.066357,
"DEU","EDUADULT","TRY_WOMEN","PC_25_64","A","2010",23.37282,
"DEU","EDUADULT","TRY_WOMEN","PC_25_64","A","2011",24.903835,
"DEU","EDUADULT","TRY_WOMEN","PC_25_64","A","2012",25.742893,
"DEU","EDUADULT","TRY_WOMEN","PC_25_64","A","2013",26.347219,
"DEU","EDUADULT","TRY_WOMEN","PC_25_64","A","2014",23.663828,
"DEU","EDUADULT","TRY_WOMEN","PC_25_64","A","2015",24.437277,
"DEU","EDUADULT","TRY_WOMEN","PC_25_64","A","2016",25.228304,
"DEU","EDUADULT","TRY_WOMEN","PC_25_64","A","2017",25.732599,
"DEU","EDUADULT","TRY_WOMEN","PC_25_64","A","2018",26.440598,
"DEU","EDUADULT","TRY_WOMEN","PC_25_64","A","2019",27.315199,
"GRC","EDUADULT","TRY_WOMEN","PC_25_64","A","1987",6.6999474,
"GRC","EDUADULT","TRY_WOMEN","PC_25_64","A","1988",7.3937535,
"GRC","EDUADULT","TRY_WOMEN","PC_25_64","A","1989",7.7682757,
"GRC","EDUADULT","TRY_WOMEN","PC_25_64","A","1990",8.4336395,
"GRC","EDUADULT","TRY_WOMEN","PC_25_64","A","1991",9.0289335,
"GRC","EDUADULT","TRY_WOMEN","PC_25_64","A","1992",9.7544556,
"GRC","EDUADULT","TRY_WOMEN","PC_25_64","A","1993",10.67055,
"GRC","EDUADULT","TRY_WOMEN","PC_25_64","A","1994",11.546397,
"GRC","EDUADULT","TRY_WOMEN","PC_25_64","A","1995",12.074759,
"GRC","EDUADULT","TRY_WOMEN","PC_25_64","A","1996",12.831325,
"GRC","EDUADULT","TRY_WOMEN","PC_25_64","A","1997",13.433756,
"GRC","EDUADULT","TRY_WOMEN","PC_25_64","A","1998",15.053772,
"GRC","EDUADULT","TRY_WOMEN","PC_25_64","A","1999",15.416656,
"GRC","EDUADULT","TRY_WOMEN","PC_25_64","A","2000",15.715105,
"GRC","EDUADULT","TRY_WOMEN","PC_25_64","A","2001",16.416426,
"GRC","EDUADULT","TRY_WOMEN","PC_25_64","A","2002",17.347368,
"GRC","EDUADULT","TRY_WOMEN","PC_25_64","A","2003",17.931763,
"GRC","EDUADULT","TRY_WOMEN","PC_25_64","A","2004",19.71912,
"GRC","EDUADULT","TRY_WOMEN","PC_25_64","A","2005",20.311262,
"GRC","EDUADULT","TRY_WOMEN","PC_25_64","A","2006",21.305334,
"GRC","EDUADULT","TRY_WOMEN","PC_25_64","A","2007",21.682127,
"GRC","EDUADULT","TRY_WOMEN","PC_25_64","A","2008",22.832247,
"GRC","EDUADULT","TRY_WOMEN","PC_25_64","A","2009",23.30374,
"GRC","EDUADULT","TRY_WOMEN","PC_25_64","A","2010",24.547791,
"GRC","EDUADULT","TRY_WOMEN","PC_25_64","A","2011",25.98332,
"GRC","EDUADULT","TRY_WOMEN","PC_25_64","A","2012",26.733065,
"GRC","EDUADULT","TRY_WOMEN","PC_25_64","A","2013",27.519138,
"GRC","EDUADULT","TRY_WOMEN","PC_25_64","A","2014",28.51054,
"GRC","EDUADULT","TRY_WOMEN","PC_25_64","A","2015",30.0784,
"GRC","EDUADULT","TRY_WOMEN","PC_25_64","A","2016",31.91032,
"GRC","EDUADULT","TRY_WOMEN","PC_25_64","A","2017",32.712036,
"GRC","EDUADULT","TRY_WOMEN","PC_25_64","A","2018",33.103279,
"GRC","EDUADULT","TRY_WOMEN","PC_25_64","A","2019",33.565025,
"HUN","EDUADULT","TRY_WOMEN","PC_25_64","A","1997",12.178566,
"HUN","EDUADULT","TRY_WOMEN","PC_25_64","A","1998",13.363412,
"HUN","EDUADULT","TRY_WOMEN","PC_25_64","A","1999",13.808351,
"HUN","EDUADULT","TRY_WOMEN","PC_25_64","A","2000",14.352439,
"HUN","EDUADULT","TRY_WOMEN","PC_25_64","A","2001",14.429396,
"HUN","EDUADULT","TRY_WOMEN","PC_25_64","A","2002",14.5824,
"HUN","EDUADULT","TRY_WOMEN","PC_25_64","A","2003",15.942147,
"HUN","EDUADULT","TRY_WOMEN","PC_25_64","A","2004",17.531971,
"HUN","EDUADULT","TRY_WOMEN","PC_25_64","A","2005",18.237226,
"HUN","EDUADULT","TRY_WOMEN","PC_25_64","A","2006",19.022438,
"HUN","EDUADULT","TRY_WOMEN","PC_25_64","A","2007",19.560244,
"HUN","EDUADULT","TRY_WOMEN","PC_25_64","A","2008",20.988491,
"HUN","EDUADULT","TRY_WOMEN","PC_25_64","A","2009",22.124817,
"HUN","EDUADULT","TRY_WOMEN","PC_25_64","A","2010",22.49086,
"HUN","EDUADULT","TRY_WOMEN","PC_25_64","A","2011",23.469839,
"HUN","EDUADULT","TRY_WOMEN","PC_25_64","A","2012",24.860256,
"HUN","EDUADULT","TRY_WOMEN","PC_25_64","A","2013",25.501186,
"HUN","EDUADULT","TRY_WOMEN","PC_25_64","A","2014",26.337843,
"HUN","EDUADULT","TRY_WOMEN","PC_25_64","A","2015",27.318335,
"HUN","EDUADULT","TRY_WOMEN","PC_25_64","A","2016",26.829664,
"HUN","EDUADULT","TRY_WOMEN","PC_25_64","A","2017",26.998577,
"HUN","EDUADULT","TRY_WOMEN","PC_25_64","A","2018",28.486479,
"HUN","EDUADULT","TRY_WOMEN","PC_25_64","A","2019",30.266064,
"ISL","EDUADULT","TRY_WOMEN","PC_25_64","A","2003",30.194607,
"ISL","EDUADULT","TRY_WOMEN","PC_25_64","A","2004",29.742111,
"ISL","EDUADULT","TRY_WOMEN","PC_25_64","A","2005",32.168613,
"ISL","EDUADULT","TRY_WOMEN","PC_25_64","A","2006",34.301445,
"ISL","EDUADULT","TRY_WOMEN","PC_25_64","A","2007",33.744808,
"ISL","EDUADULT","TRY_WOMEN","PC_25_64","A","2008",34.75301,
"ISL","EDUADULT","TRY_WOMEN","PC_25_64","A","2009",36.736088,
"ISL","EDUADULT","TRY_WOMEN","PC_25_64","A","2010",37.840931,
"ISL","EDUADULT","TRY_WOMEN","PC_25_64","A","2011",39.501953,
"ISL","EDUADULT","TRY_WOMEN","PC_25_64","A","2012",41.269173,
"ISL","EDUADULT","TRY_WOMEN","PC_25_64","A","2013",42.471531,
"ISL","EDUADULT","TRY_WOMEN","PC_25_64","A","2014",43.302914,
"ISL","EDUADULT","TRY_WOMEN","PC_25_64","A","2015",46.322239,
"ISL","EDUADULT","TRY_WOMEN","PC_25_64","A","2016",48.270401,
"ISL","EDUADULT","TRY_WOMEN","PC_25_64","A","2017",50.520809,
"ISL","EDUADULT","TRY_WOMEN","PC_25_64","A","2018",52.839901,
"ISL","EDUADULT","TRY_WOMEN","PC_25_64","A","2019",53.411011,
"IRL","EDUADULT","TRY_WOMEN","PC_25_64","A","1989",13.910417,
"IRL","EDUADULT","TRY_WOMEN","PC_25_64","A","1991",14.699014,
"IRL","EDUADULT","TRY_WOMEN","PC_25_64","A","1992",16.195951,
"IRL","EDUADULT","TRY_WOMEN","PC_25_64","A","1994",17.637775,
"IRL","EDUADULT","TRY_WOMEN","PC_25_64","A","1995",19.298876,
"IRL","EDUADULT","TRY_WOMEN","PC_25_64","A","2000",21.831142,
"IRL","EDUADULT","TRY_WOMEN","PC_25_64","A","2001",24.108467,
"IRL","EDUADULT","TRY_WOMEN","PC_25_64","A","2002",25.679022,
"IRL","EDUADULT","TRY_WOMEN","PC_25_64","A","2003",26.85405,
"IRL","EDUADULT","TRY_WOMEN","PC_25_64","A","2004",28.722975,
"IRL","EDUADULT","TRY_WOMEN","PC_25_64","A","2005",30.596048,
"IRL","EDUADULT","TRY_WOMEN","PC_25_64","A","2006",33.539158,
"IRL","EDUADULT","TRY_WOMEN","PC_25_64","A","2007",35.029663,
"IRL","EDUADULT","TRY_WOMEN","PC_25_64","A","2008",36.824852,
"IRL","EDUADULT","TRY_WOMEN","PC_25_64","A","2009",38.652878,
"IRL","EDUADULT","TRY_WOMEN","PC_25_64","A","2010",40.753574,
"IRL","EDUADULT","TRY_WOMEN","PC_25_64","A","2011",41.405052,
"IRL","EDUADULT","TRY_WOMEN","PC_25_64","A","2012",43.099594,
"IRL","EDUADULT","TRY_WOMEN","PC_25_64","A","2013",45.214443,
"IRL","EDUADULT","TRY_WOMEN","PC_25_64","A","2014",44.563564,
"IRL","EDUADULT","TRY_WOMEN","PC_25_64","A","2015",46.547295,
"IRL","EDUADULT","TRY_WOMEN","PC_25_64","A","2017",48.972515,
"IRL","EDUADULT","TRY_WOMEN","PC_25_64","A","2018",50.639732,
"IRL","EDUADULT","TRY_WOMEN","PC_25_64","A","2019",50.968983,
"ITA","EDUADULT","TRY_WOMEN","PC_25_64","A","1989",4.7122464,
"ITA","EDUADULT","TRY_WOMEN","PC_25_64","A","1991",5.1844144,
"ITA","EDUADULT","TRY_WOMEN","PC_25_64","A","1992",5.445128,
"ITA","EDUADULT","TRY_WOMEN","PC_25_64","A","1994",6.5385609,
"ITA","EDUADULT","TRY_WOMEN","PC_25_64","A","1995",7.0455132,
"ITA","EDUADULT","TRY_WOMEN","PC_25_64","A","1998",8.0277414,
"ITA","EDUADULT","TRY_WOMEN","PC_25_64","A","1999",8.8876667,
"ITA","EDUADULT","TRY_WOMEN","PC_25_64","A","2000",9.0649252,
"ITA","EDUADULT","TRY_WOMEN","PC_25_64","A","2001",9.881321,
"ITA","EDUADULT","TRY_WOMEN","PC_25_64","A","2002",10.246637,
"ITA","EDUADULT","TRY_WOMEN","PC_25_64","A","2003",10.462543,
"ITA","EDUADULT","TRY_WOMEN","PC_25_64","A","2004",12.093648,
"ITA","EDUADULT","TRY_WOMEN","PC_25_64","A","2005",12.830312,
"ITA","EDUADULT","TRY_WOMEN","PC_25_64","A","2006",13.678071,
"ITA","EDUADULT","TRY_WOMEN","PC_25_64","A","2007",14.676938,
"ITA","EDUADULT","TRY_WOMEN","PC_25_64","A","2008",15.708399,
"ITA","EDUADULT","TRY_WOMEN","PC_25_64","A","2009",15.989163,
"ITA","EDUADULT","TRY_WOMEN","PC_25_64","A","2010",16.332973,
"ITA","EDUADULT","TRY_WOMEN","PC_25_64","A","2011",16.449827,
"ITA","EDUADULT","TRY_WOMEN","PC_25_64","A","2012",17.459343,
"ITA","EDUADULT","TRY_WOMEN","PC_25_64","A","2013",18.117186,
"ITA","EDUADULT","TRY_WOMEN","PC_25_64","A","2014",18.865322,
"ITA","EDUADULT","TRY_WOMEN","PC_25_64","A","2015",19.778906,
"ITA","EDUADULT","TRY_WOMEN","PC_25_64","A","2016",20.106771,
"ITA","EDUADULT","TRY_WOMEN","PC_25_64","A","2017",21.47291,
"ITA","EDUADULT","TRY_WOMEN","PC_25_64","A","2018",22.10359,
"ITA","EDUADULT","TRY_WOMEN","PC_25_64","A","2019",22.444851,
"JPN","EDUADULT","TRY_WOMEN","PC_25_64","A","1997",26.944363,
"JPN","EDUADULT","TRY_WOMEN","PC_25_64","A","1998",27.724775,
"JPN","EDUADULT","TRY_WOMEN","PC_25_64","A","1999",28.801844,
"JPN","EDUADULT","TRY_WOMEN","PC_25_64","A","2000",30.635012,
"JPN","EDUADULT","TRY_WOMEN","PC_25_64","A","2001",31.749212,
"JPN","EDUADULT","TRY_WOMEN","PC_25_64","A","2002",34.391228,
"JPN","EDUADULT","TRY_WOMEN","PC_25_64","A","2003",35.481075,
"JPN","EDUADULT","TRY_WOMEN","PC_25_64","A","2004",36.810345,
"JPN","EDUADULT","TRY_WOMEN","PC_25_64","A","2005",38.443737,
"JPN","EDUADULT","TRY_WOMEN","PC_25_64","A","2006",39.00938,
"JPN","EDUADULT","TRY_WOMEN","PC_25_64","A","2007",39.739414,
"JPN","EDUADULT","TRY_WOMEN","PC_25_64","A","2008",41.7906,
"JPN","EDUADULT","TRY_WOMEN","PC_25_64","A","2009",42.810066,
"JPN","EDUADULT","TRY_WOMEN","PC_25_64","A","2010",44.1203,
"JPN","EDUADULT","TRY_WOMEN","PC_25_64","A","2011",45.922207,
"JPN","EDUADULT","TRY_WOMEN","PC_25_64","A","2012",46.479298,
"JPN","EDUADULT","TRY_WOMEN","PC_25_64","A","2013",47.100338,
"JPN","EDUADULT","TRY_WOMEN","PC_25_64","A","2014",48.233822,
"JPN","EDUADULT","TRY_WOMEN","PC_25_64","A","2015",49.524113,
"JPN","EDUADULT","TRY_WOMEN","PC_25_64","A","2016",50.659801,
"JPN","EDUADULT","TRY_WOMEN","PC_25_64","A","2017",52.151409,
"JPN","EDUADULT","TRY_WOMEN","PC_25_64","A","2018",52.841282,
"JPN","EDUADULT","TRY_WOMEN","PC_25_64","A","2019",53.901878,
"KOR","EDUADULT","TRY_WOMEN","PC_25_64","A","1995",12.187769,
"KOR","EDUADULT","TRY_WOMEN","PC_25_64","A","1997",13.965126,
"KOR","EDUADULT","TRY_WOMEN","PC_25_64","A","1998",16.099754,
"KOR","EDUADULT","TRY_WOMEN","PC_25_64","A","1999",17.043734,
"KOR","EDUADULT","TRY_WOMEN","PC_25_64","A","2000",17.841333,
"KOR","EDUADULT","TRY_WOMEN","PC_25_64","A","2001",19.03673,
"KOR","EDUADULT","TRY_WOMEN","PC_25_64","A","2002",20.223024,
"KOR","EDUADULT","TRY_WOMEN","PC_25_64","A","2003",23.50181,
"KOR","EDUADULT","TRY_WOMEN","PC_25_64","A","2004",24.640488,
"KOR","EDUADULT","TRY_WOMEN","PC_25_64","A","2005",26.232584,
"KOR","EDUADULT","TRY_WOMEN","PC_25_64","A","2006",28.025822,
"KOR","EDUADULT","TRY_WOMEN","PC_25_64","A","2007",29.911917,
"KOR","EDUADULT","TRY_WOMEN","PC_25_64","A","2008",31.941628,
"KOR","EDUADULT","TRY_WOMEN","PC_25_64","A","2009",33.775242,
"KOR","EDUADULT","TRY_WOMEN","PC_25_64","A","2010",34.814861,
"KOR","EDUADULT","TRY_WOMEN","PC_25_64","A","2011",35.885468,
"KOR","EDUADULT","TRY_WOMEN","PC_25_64","A","2012",37.499748,
"KOR","EDUADULT","TRY_WOMEN","PC_25_64","A","2013",38.961857,
"KOR","EDUADULT","TRY_WOMEN","PC_25_64","A","2014",40.563198,
"KOR","EDUADULT","TRY_WOMEN","PC_25_64","A","2015",41.568684,
"KOR","EDUADULT","TRY_WOMEN","PC_25_64","A","2016",43.001148,
"KOR","EDUADULT","TRY_WOMEN","PC_25_64","A","2017",44.414146,
"KOR","EDUADULT","TRY_WOMEN","PC_25_64","A","2018",46.163258,
"KOR","EDUADULT","TRY_WOMEN","PC_25_64","A","2019",47.635471,
"LUX","EDUADULT","TRY_WOMEN","PC_25_64","A","2000",15.713726,
"LUX","EDUADULT","TRY_WOMEN","PC_25_64","A","2005",24.111813,
"LUX","EDUADULT","TRY_WOMEN","PC_25_64","A","2006",22.30344,
"LUX","EDUADULT","TRY_WOMEN","PC_25_64","A","2007",25.141441,
"LUX","EDUADULT","TRY_WOMEN","PC_25_64","A","2008",25.911573,
"LUX","EDUADULT","TRY_WOMEN","PC_25_64","A","2009",31.958441,
"LUX","EDUADULT","TRY_WOMEN","PC_25_64","A","2010",32.022472,
"LUX","EDUADULT","TRY_WOMEN","PC_25_64","A","2011",34.525772,
"LUX","EDUADULT","TRY_WOMEN","PC_25_64","A","2012",36.237282,
"LUX","EDUADULT","TRY_WOMEN","PC_25_64","A","2013",39.411995,
"LUX","EDUADULT","TRY_WOMEN","PC_25_64","A","2014",43.9907,
"LUX","EDUADULT","TRY_WOMEN","PC_25_64","A","2015",39.998001,
"LUX","EDUADULT","TRY_WOMEN","PC_25_64","A","2016",42.706947,
"LUX","EDUADULT","TRY_WOMEN","PC_25_64","A","2017",41.437519,
"LUX","EDUADULT","TRY_WOMEN","PC_25_64","A","2018",44.569466,
"LUX","EDUADULT","TRY_WOMEN","PC_25_64","A","2019",53.374012,
"MEX","EDUADULT","TRY_WOMEN","PC_25_64","A","1997",9.9765892,
"MEX","EDUADULT","TRY_WOMEN","PC_25_64","A","1998",10.213921,
"MEX","EDUADULT","TRY_WOMEN","PC_25_64","A","1999",10.314436,
"MEX","EDUADULT","TRY_WOMEN","PC_25_64","A","2000",11.787515,
"MEX","EDUADULT","TRY_WOMEN","PC_25_64","A","2001",12.193707,
"MEX","EDUADULT","TRY_WOMEN","PC_25_64","A","2002",12.712215,
"MEX","EDUADULT","TRY_WOMEN","PC_25_64","A","2003",12.88608,
"MEX","EDUADULT","TRY_WOMEN","PC_25_64","A","2004",14.009907,
"MEX","EDUADULT","TRY_WOMEN","PC_25_64","A","2005",10.656567,
"MEX","EDUADULT","TRY_WOMEN","PC_25_64","A","2006",11.367753,
"MEX","EDUADULT","TRY_WOMEN","PC_25_64","A","2007",11.644622,
"MEX","EDUADULT","TRY_WOMEN","PC_25_64","A","2008",11.943851,
"MEX","EDUADULT","TRY_WOMEN","PC_25_64","A","2009",12.663967,
"MEX","EDUADULT","TRY_WOMEN","PC_25_64","A","2010",13.19238,
"MEX","EDUADULT","TRY_WOMEN","PC_25_64","A","2011",13.649809,
"MEX","EDUADULT","TRY_WOMEN","PC_25_64","A","2012",14.435471,
"MEX","EDUADULT","TRY_WOMEN","PC_25_64","A","2013",15.256807,
"MEX","EDUADULT","TRY_WOMEN","PC_25_64","A","2014",15.048493,
"MEX","EDUADULT","TRY_WOMEN","PC_25_64","A","2015",15.255282,
"MEX","EDUADULT","TRY_WOMEN","PC_25_64","A","2016",15.838044,
"MEX","EDUADULT","TRY_WOMEN","PC_25_64","A","2017",16.402203,
"MEX","EDUADULT","TRY_WOMEN","PC_25_64","A","2018",17.18869,
"MEX","EDUADULT","TRY_WOMEN","PC_25_64","A","2019",17.667831,
"NLD","EDUADULT","TRY_WOMEN","PC_25_64","A","1990",16.270754,
"NLD","EDUADULT","TRY_WOMEN","PC_25_64","A","1991",16.557789,
"NLD","EDUADULT","TRY_WOMEN","PC_25_64","A","1992",17.830608,
"NLD","EDUADULT","TRY_WOMEN","PC_25_64","A","1994",18.239147,
"NLD","EDUADULT","TRY_WOMEN","PC_25_64","A","1995",18.931225,
"NLD","EDUADULT","TRY_WOMEN","PC_25_64","A","1998",21.069767,
"NLD","EDUADULT","TRY_WOMEN","PC_25_64","A","2000",20.581749,
"NLD","EDUADULT","TRY_WOMEN","PC_25_64","A","2001",20.608261,
"NLD","EDUADULT","TRY_WOMEN","PC_25_64","A","2002",22.565882,
"NLD","EDUADULT","TRY_WOMEN","PC_25_64","A","2003",24.90634,
"NLD","EDUADULT","TRY_WOMEN","PC_25_64","A","2004",26.959208,
"NLD","EDUADULT","TRY_WOMEN","PC_25_64","A","2005",27.521421,
"NLD","EDUADULT","TRY_WOMEN","PC_25_64","A","2006",28.130663,
"NLD","EDUADULT","TRY_WOMEN","PC_25_64","A","2007",28.725107,
"NLD","EDUADULT","TRY_WOMEN","PC_25_64","A","2008",30.125334,
"NLD","EDUADULT","TRY_WOMEN","PC_25_64","A","2009",31.024853,
"NLD","EDUADULT","TRY_WOMEN","PC_25_64","A","2010",30.543089,
"NLD","EDUADULT","TRY_WOMEN","PC_25_64","A","2011",30.674158,
"NLD","EDUADULT","TRY_WOMEN","PC_25_64","A","2012",33.271935,
"NLD","EDUADULT","TRY_WOMEN","PC_25_64","A","2013",32.981159,
"NLD","EDUADULT","TRY_WOMEN","PC_25_64","A","2014",33.994911,
"NLD","EDUADULT","TRY_WOMEN","PC_25_64","A","2015",34.965019,
"NLD","EDUADULT","TRY_WOMEN","PC_25_64","A","2016",35.965878,
"NLD","EDUADULT","TRY_WOMEN","PC_25_64","A","2017",37.570652,
"NLD","EDUADULT","TRY_WOMEN","PC_25_64","A","2018",38.904495,
"NLD","EDUADULT","TRY_WOMEN","PC_25_64","A","2019",40.795212,
"NZL","EDUADULT","TRY_WOMEN","PC_25_64","A","2014",38.359295,
"NZL","EDUADULT","TRY_WOMEN","PC_25_64","A","2015",36.946754,
"NZL","EDUADULT","TRY_WOMEN","PC_25_64","A","2016",38.903072,
"NZL","EDUADULT","TRY_WOMEN","PC_25_64","A","2017",40.399647,
"NZL","EDUADULT","TRY_WOMEN","PC_25_64","A","2018",42.103603,
"NZL","EDUADULT","TRY_WOMEN","PC_25_64","A","2019",41.822868,
"NOR","EDUADULT","TRY_WOMEN","PC_25_64","A","1981",13.496463,
"NOR","EDUADULT","TRY_WOMEN","PC_25_64","A","1989",20.456802,
"NOR","EDUADULT","TRY_WOMEN","PC_25_64","A","1991",22.736868,
"NOR","EDUADULT","TRY_WOMEN","PC_25_64","A","1992",23.351435,
"NOR","EDUADULT","TRY_WOMEN","PC_25_64","A","1994",26.341339,
"NOR","EDUADULT","TRY_WOMEN","PC_25_64","A","1995",28.157124,
"NOR","EDUADULT","TRY_WOMEN","PC_25_64","A","2005",35.470303,
"NOR","EDUADULT","TRY_WOMEN","PC_25_64","A","2006",36.092495,
"NOR","EDUADULT","TRY_WOMEN","PC_25_64","A","2007",37.470528,
"NOR","EDUADULT","TRY_WOMEN","PC_25_64","A","2008",39.98362,
"NOR","EDUADULT","TRY_WOMEN","PC_25_64","A","2009",41.044899,
"NOR","EDUADULT","TRY_WOMEN","PC_25_64","A","2010",41.171658,
"NOR","EDUADULT","TRY_WOMEN","PC_25_64","A","2011",42.356129,
"NOR","EDUADULT","TRY_WOMEN","PC_25_64","A","2012",43.339031,
"NOR","EDUADULT","TRY_WOMEN","PC_25_64","A","2013",45.019245,
"NOR","EDUADULT","TRY_WOMEN","PC_25_64","A","2014",46.135193,
"NOR","EDUADULT","TRY_WOMEN","PC_25_64","A","2015",47.20348,
"NOR","EDUADULT","TRY_WOMEN","PC_25_64","A","2016",47.866173,
"NOR","EDUADULT","TRY_WOMEN","PC_25_64","A","2017",47.927422,
"NOR","EDUADULT","TRY_WOMEN","PC_25_64","A","2018",48.301937,
"NOR","EDUADULT","TRY_WOMEN","PC_25_64","A","2019",49.493538,
"POL","EDUADULT","TRY_WOMEN","PC_25_64","A","1995",14.758945,
"POL","EDUADULT","TRY_WOMEN","PC_25_64","A","1997",10.338581,
"POL","EDUADULT","TRY_WOMEN","PC_25_64","A","1998",11.378987,
"POL","EDUADULT","TRY_WOMEN","PC_25_64","A","1999",11.884145,
"POL","EDUADULT","TRY_WOMEN","PC_25_64","A","2000",12.444401,
"POL","EDUADULT","TRY_WOMEN","PC_25_64","A","2001",13.131769,
"POL","EDUADULT","TRY_WOMEN","PC_25_64","A","2002",13.968127,
"POL","EDUADULT","TRY_WOMEN","PC_25_64","A","2003",15.578544,
"POL","EDUADULT","TRY_WOMEN","PC_25_64","A","2004",17.313082,
"POL","EDUADULT","TRY_WOMEN","PC_25_64","A","2005",19.000616,
"POL","EDUADULT","TRY_WOMEN","PC_25_64","A","2006",20.043896,
"POL","EDUADULT","TRY_WOMEN","PC_25_64","A","2007",21.277384,
"POL","EDUADULT","TRY_WOMEN","PC_25_64","A","2008",22.416042,
"POL","EDUADULT","TRY_WOMEN","PC_25_64","A","2009",24.428253,
"POL","EDUADULT","TRY_WOMEN","PC_25_64","A","2010",25.944473,
"POL","EDUADULT","TRY_WOMEN","PC_25_64","A","2011",27.051256,
"POL","EDUADULT","TRY_WOMEN","PC_25_64","A","2012",28.530373,
"POL","EDUADULT","TRY_WOMEN","PC_25_64","A","2013",29.991989,
"POL","EDUADULT","TRY_WOMEN","PC_25_64","A","2014",31.410196,
"POL","EDUADULT","TRY_WOMEN","PC_25_64","A","2015",32.596737,
"POL","EDUADULT","TRY_WOMEN","PC_25_64","A","2016",33.939568,
"POL","EDUADULT","TRY_WOMEN","PC_25_64","A","2017",35.299824,
"POL","EDUADULT","TRY_WOMEN","PC_25_64","A","2018",36.574348,
"POL","EDUADULT","TRY_WOMEN","PC_25_64","A","2019",37.730793,
"PRT","EDUADULT","TRY_WOMEN","PC_25_64","A","1994",11.556779,
"PRT","EDUADULT","TRY_WOMEN","PC_25_64","A","1995",12.084323,
"PRT","EDUADULT","TRY_WOMEN","PC_25_64","A","1998",9.5282602,
"PRT","EDUADULT","TRY_WOMEN","PC_25_64","A","1999",9.699892,
"PRT","EDUADULT","TRY_WOMEN","PC_25_64","A","2000",10.041828,
"PRT","EDUADULT","TRY_WOMEN","PC_25_64","A","2001",10.787923,
"PRT","EDUADULT","TRY_WOMEN","PC_25_64","A","2002",11.436745,
"PRT","EDUADULT","TRY_WOMEN","PC_25_64","A","2003",13.026073,
"PRT","EDUADULT","TRY_WOMEN","PC_25_64","A","2004",14.71818,
"PRT","EDUADULT","TRY_WOMEN","PC_25_64","A","2005",14.966615,
"PRT","EDUADULT","TRY_WOMEN","PC_25_64","A","2006",15.609464,
"PRT","EDUADULT","TRY_WOMEN","PC_25_64","A","2007",16.259005,
"PRT","EDUADULT","TRY_WOMEN","PC_25_64","A","2008",17.029045,
"PRT","EDUADULT","TRY_WOMEN","PC_25_64","A","2009",17.297443,
"PRT","EDUADULT","TRY_WOMEN","PC_25_64","A","2010",18.538366,
"PRT","EDUADULT","TRY_WOMEN","PC_25_64","A","2011",19.913658,
"PRT","EDUADULT","TRY_WOMEN","PC_25_64","A","2012",21.41597,
"PRT","EDUADULT","TRY_WOMEN","PC_25_64","A","2013",23.073732,
"PRT","EDUADULT","TRY_WOMEN","PC_25_64","A","2014",25.902826,
"PRT","EDUADULT","TRY_WOMEN","PC_25_64","A","2015",26.917894,
"PRT","EDUADULT","TRY_WOMEN","PC_25_64","A","2016",27.933044,
"PRT","EDUADULT","TRY_WOMEN","PC_25_64","A","2017",28.471441,
"PRT","EDUADULT","TRY_WOMEN","PC_25_64","A","2018",29.829231,
"PRT","EDUADULT","TRY_WOMEN","PC_25_64","A","2019",30.644608,
"SVK","EDUADULT","TRY_WOMEN","PC_25_64","A","1997",9.3868341,
"SVK","EDUADULT","TRY_WOMEN","PC_25_64","A","1998",9.1972275,
"SVK","EDUADULT","TRY_WOMEN","PC_25_64","A","1999",9.1207533,
"SVK","EDUADULT","TRY_WOMEN","PC_25_64","A","2000",9.8055792,
"SVK","EDUADULT","TRY_WOMEN","PC_25_64","A","2001",10.596579,
"SVK","EDUADULT","TRY_WOMEN","PC_25_64","A","2002",11.067083,
"SVK","EDUADULT","TRY_WOMEN","PC_25_64","A","2003",11.764061,
"SVK","EDUADULT","TRY_WOMEN","PC_25_64","A","2004",12.777056,
"SVK","EDUADULT","TRY_WOMEN","PC_25_64","A","2005",13.411284,
"SVK","EDUADULT","TRY_WOMEN","PC_25_64","A","2006",13.981843,
"SVK","EDUADULT","TRY_WOMEN","PC_25_64","A","2007",14.735466,
"SVK","EDUADULT","TRY_WOMEN","PC_25_64","A","2008",15.060336,
"SVK","EDUADULT","TRY_WOMEN","PC_25_64","A","2009",16.626591,
"SVK","EDUADULT","TRY_WOMEN","PC_25_64","A","2010",18.939117,
"SVK","EDUADULT","TRY_WOMEN","PC_25_64","A","2011",20.399017,
"SVK","EDUADULT","TRY_WOMEN","PC_25_64","A","2012",21.252121,
"SVK","EDUADULT","TRY_WOMEN","PC_25_64","A","2013",21.877571,
"SVK","EDUADULT","TRY_WOMEN","PC_25_64","A","2014",22.530985,
"SVK","EDUADULT","TRY_WOMEN","PC_25_64","A","2015",23.898914,
"SVK","EDUADULT","TRY_WOMEN","PC_25_64","A","2016",25.099613,
"SVK","EDUADULT","TRY_WOMEN","PC_25_64","A","2017",26.452528,
"SVK","EDUADULT","TRY_WOMEN","PC_25_64","A","2018",28.216055,
"SVK","EDUADULT","TRY_WOMEN","PC_25_64","A","2019",29.91453,
"ESP","EDUADULT","TRY_WOMEN","PC_25_64","A","1981",4.2181058,
"ESP","EDUADULT","TRY_WOMEN","PC_25_64","A","1989",8.3406839,
"ESP","EDUADULT","TRY_WOMEN","PC_25_64","A","1991",9.108222,
"ESP","EDUADULT","TRY_WOMEN","PC_25_64","A","1992",11.454362,
"ESP","EDUADULT","TRY_WOMEN","PC_25_64","A","1994",13.634652,
"ESP","EDUADULT","TRY_WOMEN","PC_25_64","A","1995",14.727563,
"ESP","EDUADULT","TRY_WOMEN","PC_25_64","A","1997",18.009117,
"ESP","EDUADULT","TRY_WOMEN","PC_25_64","A","1998",19.19536,
"ESP","EDUADULT","TRY_WOMEN","PC_25_64","A","1999",20.210491,
"ESP","EDUADULT","TRY_WOMEN","PC_25_64","A","2000",21.862101,
"ESP","EDUADULT","TRY_WOMEN","PC_25_64","A","2001",23.1574,
"ESP","EDUADULT","TRY_WOMEN","PC_25_64","A","2002",24.674786,
"ESP","EDUADULT","TRY_WOMEN","PC_25_64","A","2003",25.490288,
"ESP","EDUADULT","TRY_WOMEN","PC_25_64","A","2004",26.976271,
"ESP","EDUADULT","TRY_WOMEN","PC_25_64","A","2005",28.846592,
"ESP","EDUADULT","TRY_WOMEN","PC_25_64","A","2006",29.3603,
"ESP","EDUADULT","TRY_WOMEN","PC_25_64","A","2007",29.956184,
"ESP","EDUADULT","TRY_WOMEN","PC_25_64","A","2008",30.188587,
"ESP","EDUADULT","TRY_WOMEN","PC_25_64","A","2009",31.115898,
"ESP","EDUADULT","TRY_WOMEN","PC_25_64","A","2010",32.491753,
"ESP","EDUADULT","TRY_WOMEN","PC_25_64","A","2011",33.326809,
"ESP","EDUADULT","TRY_WOMEN","PC_25_64","A","2012",34.241261,
"ESP","EDUADULT","TRY_WOMEN","PC_25_64","A","2013",35.431107,
"ESP","EDUADULT","TRY_WOMEN","PC_25_64","A","2014",36.547832,
"ESP","EDUADULT","TRY_WOMEN","PC_25_64","A","2015",37.504776,
"ESP","EDUADULT","TRY_WOMEN","PC_25_64","A","2016",38.397327,
"ESP","EDUADULT","TRY_WOMEN","PC_25_64","A","2017",38.934372,
"ESP","EDUADULT","TRY_WOMEN","PC_25_64","A","2018",39.846661,
"ESP","EDUADULT","TRY_WOMEN","PC_25_64","A","2019",41.339748,
"SWE","EDUADULT","TRY_WOMEN","PC_25_64","A","1981",16.361891,
"SWE","EDUADULT","TRY_WOMEN","PC_25_64","A","1989",23.941607,
"SWE","EDUADULT","TRY_WOMEN","PC_25_64","A","1991",25.576601,
"SWE","EDUADULT","TRY_WOMEN","PC_25_64","A","1992",26.258766,
"SWE","EDUADULT","TRY_WOMEN","PC_25_64","A","1994",28.307768,
"SWE","EDUADULT","TRY_WOMEN","PC_25_64","A","1995",29.530975,
"SWE","EDUADULT","TRY_WOMEN","PC_25_64","A","1997",28.875975,
"SWE","EDUADULT","TRY_WOMEN","PC_25_64","A","1998",29.554188,
"SWE","EDUADULT","TRY_WOMEN","PC_25_64","A","1999",30.452808,
"SWE","EDUADULT","TRY_WOMEN","PC_25_64","A","2000",32.199219,
"SWE","EDUADULT","TRY_WOMEN","PC_25_64","A","2001",33.559277,
"SWE","EDUADULT","TRY_WOMEN","PC_25_64","A","2002",34.85194,
"SWE","EDUADULT","TRY_WOMEN","PC_25_64","A","2003",35.901234,
"SWE","EDUADULT","TRY_WOMEN","PC_25_64","A","2004",37.503696,
"SWE","EDUADULT","TRY_WOMEN","PC_25_64","A","2005",34.353493,
"SWE","EDUADULT","TRY_WOMEN","PC_25_64","A","2006",35.169765,
"SWE","EDUADULT","TRY_WOMEN","PC_25_64","A","2007",35.980637,
"SWE","EDUADULT","TRY_WOMEN","PC_25_64","A","2008",36.906319,
"SWE","EDUADULT","TRY_WOMEN","PC_25_64","A","2009",38.117825,
"SWE","EDUADULT","TRY_WOMEN","PC_25_64","A","2010",38.915661,
"SWE","EDUADULT","TRY_WOMEN","PC_25_64","A","2011",40.965481,
"SWE","EDUADULT","TRY_WOMEN","PC_25_64","A","2012",41.47477,
"SWE","EDUADULT","TRY_WOMEN","PC_25_64","A","2013",43.063572,
"SWE","EDUADULT","TRY_WOMEN","PC_25_64","A","2014",45.048241,
"SWE","EDUADULT","TRY_WOMEN","PC_25_64","A","2015",46.754311,
"SWE","EDUADULT","TRY_WOMEN","PC_25_64","A","2016",48.042187,
"SWE","EDUADULT","TRY_WOMEN","PC_25_64","A","2017",48.62455,
"SWE","EDUADULT","TRY_WOMEN","PC_25_64","A","2018",50.303387,
"SWE","EDUADULT","TRY_WOMEN","PC_25_64","A","2019",51.407867,
"CHE","EDUADULT","TRY_WOMEN","PC_25_64","A","1989",15.212227,
"CHE","EDUADULT","TRY_WOMEN","PC_25_64","A","1991",11.43975,
"CHE","EDUADULT","TRY_WOMEN","PC_25_64","A","1992",11.668301,
"CHE","EDUADULT","TRY_WOMEN","PC_25_64","A","1994",11.111587,
"CHE","EDUADULT","TRY_WOMEN","PC_25_64","A","1995",10.856908,
"CHE","EDUADULT","TRY_WOMEN","PC_25_64","A","1997",12.634748,
"CHE","EDUADULT","TRY_WOMEN","PC_25_64","A","1998",12.829616,
"CHE","EDUADULT","TRY_WOMEN","PC_25_64","A","1999",13.608197,
"CHE","EDUADULT","TRY_WOMEN","PC_25_64","A","2000",14.438147,
"CHE","EDUADULT","TRY_WOMEN","PC_25_64","A","2001",15.762383,
"CHE","EDUADULT","TRY_WOMEN","PC_25_64","A","2002",16.560152,
"CHE","EDUADULT","TRY_WOMEN","PC_25_64","A","2003",17.996794,
"CHE","EDUADULT","TRY_WOMEN","PC_25_64","A","2004",18.973225,
"CHE","EDUADULT","TRY_WOMEN","PC_25_64","A","2005",20.074846,
"CHE","EDUADULT","TRY_WOMEN","PC_25_64","A","2006",21.204809,
"CHE","EDUADULT","TRY_WOMEN","PC_25_64","A","2007",23.185186,
"CHE","EDUADULT","TRY_WOMEN","PC_25_64","A","2008",25.715227,
"CHE","EDUADULT","TRY_WOMEN","PC_25_64","A","2009",27.210806,
"CHE","EDUADULT","TRY_WOMEN","PC_25_64","A","2010",27.546822,
"CHE","EDUADULT","TRY_WOMEN","PC_25_64","A","2011",28.06905,
"CHE","EDUADULT","TRY_WOMEN","PC_25_64","A","2012",29.316168,
"CHE","EDUADULT","TRY_WOMEN","PC_25_64","A","2013",31.693689,
"CHE","EDUADULT","TRY_WOMEN","PC_25_64","A","2014",33.176338,
"CHE","EDUADULT","TRY_WOMEN","PC_25_64","A","2015",35.279415,
"CHE","EDUADULT","TRY_WOMEN","PC_25_64","A","2016",36.458977,
"CHE","EDUADULT","TRY_WOMEN","PC_25_64","A","2017",37.898529,
"CHE","EDUADULT","TRY_WOMEN","PC_25_64","A","2018",39.743084,
"CHE","EDUADULT","TRY_WOMEN","PC_25_64","A","2019",40.68224,
"TUR","EDUADULT","TRY_WOMEN","PC_25_64","A","1991",4.4307685,
"TUR","EDUADULT","TRY_WOMEN","PC_25_64","A","1992",2.8581679,
"TUR","EDUADULT","TRY_WOMEN","PC_25_64","A","1994",5.29741,
"TUR","EDUADULT","TRY_WOMEN","PC_25_64","A","1995",6.6455889,
"TUR","EDUADULT","TRY_WOMEN","PC_25_64","A","1997",5.8980436,
"TUR","EDUADULT","TRY_WOMEN","PC_25_64","A","1998",5.6745639,
"TUR","EDUADULT","TRY_WOMEN","PC_25_64","A","1999",6.4062428,
"TUR","EDUADULT","TRY_WOMEN","PC_25_64","A","2000",6.7412806,
"TUR","EDUADULT","TRY_WOMEN","PC_25_64","A","2001",6.7813683,
"TUR","EDUADULT","TRY_WOMEN","PC_25_64","A","2002",7.3541102,
"TUR","EDUADULT","TRY_WOMEN","PC_25_64","A","2003",7.6899786,
"TUR","EDUADULT","TRY_WOMEN","PC_25_64","A","2004",7.5607066,
"TUR","EDUADULT","TRY_WOMEN","PC_25_64","A","2005",8.2725058,
"TUR","EDUADULT","TRY_WOMEN","PC_25_64","A","2006",9.0134163,
"TUR","EDUADULT","TRY_WOMEN","PC_25_64","A","2007",9.3783531,
"TUR","EDUADULT","TRY_WOMEN","PC_25_64","A","2008",10.178893,
"TUR","EDUADULT","TRY_WOMEN","PC_25_64","A","2009",11.04001,
"TUR","EDUADULT","TRY_WOMEN","PC_25_64","A","2010",11.218709,
"TUR","EDUADULT","TRY_WOMEN","PC_25_64","A","2011",12.137356,
"TUR","EDUADULT","TRY_WOMEN","PC_25_64","A","2012",13.454704,
"TUR","EDUADULT","TRY_WOMEN","PC_25_64","A","2013",14.094731,
"TUR","EDUADULT","TRY_WOMEN","PC_25_64","A","2014",14.930908,
"TUR","EDUADULT","TRY_WOMEN","PC_25_64","A","2015",16.383751,
"TUR","EDUADULT","TRY_WOMEN","PC_25_64","A","2016",17.828663,
"TUR","EDUADULT","TRY_WOMEN","PC_25_64","A","2017",18.717081,
"TUR","EDUADULT","TRY_WOMEN","PC_25_64","A","2018",19.684227,
"TUR","EDUADULT","TRY_WOMEN","PC_25_64","A","2019",20.753014,
"GBR","EDUADULT","TRY_WOMEN","PC_25_64","A","1997",21.390516,
"GBR","EDUADULT","TRY_WOMEN","PC_25_64","A","1998",22.577459,
"GBR","EDUADULT","TRY_WOMEN","PC_25_64","A","1999",23.56937,
"GBR","EDUADULT","TRY_WOMEN","PC_25_64","A","2000",24.544714,
"GBR","EDUADULT","TRY_WOMEN","PC_25_64","A","2001",25.302448,
"GBR","EDUADULT","TRY_WOMEN","PC_25_64","A","2002",26.46838,
"GBR","EDUADULT","TRY_WOMEN","PC_25_64","A","2003",27.405865,
"GBR","EDUADULT","TRY_WOMEN","PC_25_64","A","2004",28.911596,
"GBR","EDUADULT","TRY_WOMEN","PC_25_64","A","2005",29.482952,
"GBR","EDUADULT","TRY_WOMEN","PC_25_64","A","2006",34.272907,
"GBR","EDUADULT","TRY_WOMEN","PC_25_64","A","2007",35.710945,
"GBR","EDUADULT","TRY_WOMEN","PC_25_64","A","2008",35.273495,
"GBR","EDUADULT","TRY_WOMEN","PC_25_64","A","2009",37.106785,
"GBR","EDUADULT","TRY_WOMEN","PC_25_64","A","2010",38.29401,
"GBR","EDUADULT","TRY_WOMEN","PC_25_64","A","2011",39.763615,
"GBR","EDUADULT","TRY_WOMEN","PC_25_64","A","2012",41.580528,
"GBR","EDUADULT","TRY_WOMEN","PC_25_64","A","2013",42.991165,
"GBR","EDUADULT","TRY_WOMEN","PC_25_64","A","2014",43.496193,
"GBR","EDUADULT","TRY_WOMEN","PC_25_64","A","2015",44.909252,
"GBR","EDUADULT","TRY_WOMEN","PC_25_64","A","2016",46.323395,
"GBR","EDUADULT","TRY_WOMEN","PC_25_64","A","2017",46.877583,
"GBR","EDUADULT","TRY_WOMEN","PC_25_64","A","2018",47.731743,
"GBR","EDUADULT","TRY_WOMEN","PC_25_64","A","2019",49.15202,
"USA","EDUADULT","TRY_WOMEN","PC_25_64","A","1981",15.264767,
"USA","EDUADULT","TRY_WOMEN","PC_25_64","A","1982",15.842551,
"USA","EDUADULT","TRY_WOMEN","PC_25_64","A","1983",16.941057,
"USA","EDUADULT","TRY_WOMEN","PC_25_64","A","1984",17.676466,
"USA","EDUADULT","TRY_WOMEN","PC_25_64","A","1985",18.199774,
"USA","EDUADULT","TRY_WOMEN","PC_25_64","A","1986",18.415201,
"USA","EDUADULT","TRY_WOMEN","PC_25_64","A","1987",18.898598,
"USA","EDUADULT","TRY_WOMEN","PC_25_64","A","1988",19.293891,
"USA","EDUADULT","TRY_WOMEN","PC_25_64","A","1989",20.579541,
"USA","EDUADULT","TRY_WOMEN","PC_25_64","A","1990",20.899049,
"USA","EDUADULT","TRY_WOMEN","PC_25_64","A","1991",21.411994,
"USA","EDUADULT","TRY_WOMEN","PC_25_64","A","1992",28.510414,
"USA","EDUADULT","TRY_WOMEN","PC_25_64","A","1993",29.642122,
"USA","EDUADULT","TRY_WOMEN","PC_25_64","A","1994",30.767853,
"USA","EDUADULT","TRY_WOMEN","PC_25_64","A","1995",31.711979,
"USA","EDUADULT","TRY_WOMEN","PC_25_64","A","1996",33.167648,
"USA","EDUADULT","TRY_WOMEN","PC_25_64","A","1997",33.52882,
"USA","EDUADULT","TRY_WOMEN","PC_25_64","A","1998",34.27697,
"USA","EDUADULT","TRY_WOMEN","PC_25_64","A","1999",35.037582,
"USA","EDUADULT","TRY_WOMEN","PC_25_64","A","2000",36.128067,
"USA","EDUADULT","TRY_WOMEN","PC_25_64","A","2001",37.501244,
"USA","EDUADULT","TRY_WOMEN","PC_25_64","A","2002",38.296085,
"USA","EDUADULT","TRY_WOMEN","PC_25_64","A","2003",38.920006,
"USA","EDUADULT","TRY_WOMEN","PC_25_64","A","2004",39.64632,
"USA","EDUADULT","TRY_WOMEN","PC_25_64","A","2005",40.124405,
"USA","EDUADULT","TRY_WOMEN","PC_25_64","A","2006",40.598663,
"USA","EDUADULT","TRY_WOMEN","PC_25_64","A","2007",41.730682,
"USA","EDUADULT","TRY_WOMEN","PC_25_64","A","2008",42.823307,
"USA","EDUADULT","TRY_WOMEN","PC_25_64","A","2009",43.397057,
"USA","EDUADULT","TRY_WOMEN","PC_25_64","A","2010",43.973343,
"USA","EDUADULT","TRY_WOMEN","PC_25_64","A","2011",44.586857,
"USA","EDUADULT","TRY_WOMEN","PC_25_64","A","2012",45.133545,
"USA","EDUADULT","TRY_WOMEN","PC_25_64","A","2013",46.359722,
"USA","EDUADULT","TRY_WOMEN","PC_25_64","A","2014",46.897011,
"USA","EDUADULT","TRY_WOMEN","PC_25_64","A","2015",47.412323,
"USA","EDUADULT","TRY_WOMEN","PC_25_64","A","2016",48.507526,
"USA","EDUADULT","TRY_WOMEN","PC_25_64","A","2017",49.545597,
"USA","EDUADULT","TRY_WOMEN","PC_25_64","A","2018",50.435326,
"USA","EDUADULT","TRY_WOMEN","PC_25_64","A","2019",51.534691,
"ARG","EDUADULT","TRY_WOMEN","PC_25_64","A","2004",18.869257,
"ARG","EDUADULT","TRY_WOMEN","PC_25_64","A","2005",19.570387,
"ARG","EDUADULT","TRY_WOMEN","PC_25_64","A","2006",20.699968,
"ARG","EDUADULT","TRY_WOMEN","PC_25_64","A","2008",21.795214,
"ARG","EDUADULT","TRY_WOMEN","PC_25_64","A","2009",22.821455,
"ARG","EDUADULT","TRY_WOMEN","PC_25_64","A","2011",23.598553,
"ARG","EDUADULT","TRY_WOMEN","PC_25_64","A","2012",24.307671,
"ARG","EDUADULT","TRY_WOMEN","PC_25_64","A","2013",24.394379,
"ARG","EDUADULT","TRY_WOMEN","PC_25_64","A","2014",24.082304,
"ARG","EDUADULT","TRY_WOMEN","PC_25_64","A","2017",24.951094,
"ARG","EDUADULT","TRY_WOMEN","PC_25_64","A","2018",39.529755,
"BRA","EDUADULT","TRY_WOMEN","PC_25_64","A","2007",10.483443,
"BRA","EDUADULT","TRY_WOMEN","PC_25_64","A","2008",12.012922,
"BRA","EDUADULT","TRY_WOMEN","PC_25_64","A","2009",11.914505,
"BRA","EDUADULT","TRY_WOMEN","PC_25_64","A","2011",12.884999,
"BRA","EDUADULT","TRY_WOMEN","PC_25_64","A","2012",14.725452,
"BRA","EDUADULT","TRY_WOMEN","PC_25_64","A","2013",15.589705,
"BRA","EDUADULT","TRY_WOMEN","PC_25_64","A","2014",16.425022,
"BRA","EDUADULT","TRY_WOMEN","PC_25_64","A","2015",16.803698,
"BRA","EDUADULT","TRY_WOMEN","PC_25_64","A","2016",19.132725,
"BRA","EDUADULT","TRY_WOMEN","PC_25_64","A","2017",19.541754,
"BRA","EDUADULT","TRY_WOMEN","PC_25_64","A","2018",20.977964,
"CHL","EDUADULT","TRY_WOMEN","PC_25_64","A","2009",17.131065,
"CHL","EDUADULT","TRY_WOMEN","PC_25_64","A","2011",17.731251,
"CHL","EDUADULT","TRY_WOMEN","PC_25_64","A","2013",21.132866,
"CHL","EDUADULT","TRY_WOMEN","PC_25_64","A","2015",22.493267,
"CHL","EDUADULT","TRY_WOMEN","PC_25_64","A","2017",25.628315,
"CHN","EDUADULT","TRY_WOMEN","PC_25_64","A","2010",8.5629225,
"COL","EDUADULT","TRY_WOMEN","PC_25_64","A","2014",23.951704,
"COL","EDUADULT","TRY_WOMEN","PC_25_64","A","2015",23.391415,
"COL","EDUADULT","TRY_WOMEN","PC_25_64","A","2016",24.191235,
"COL","EDUADULT","TRY_WOMEN","PC_25_64","A","2017",24.279985,
"COL","EDUADULT","TRY_WOMEN","PC_25_64","A","2018",25.569864,
"COL","EDUADULT","TRY_WOMEN","PC_25_64","A","2019",26.081968,
"EST","EDUADULT","TRY_WOMEN","PC_25_64","A","1997",35.146767,
"EST","EDUADULT","TRY_WOMEN","PC_25_64","A","1998",35.281303,
"EST","EDUADULT","TRY_WOMEN","PC_25_64","A","1999",34.441845,
"EST","EDUADULT","TRY_WOMEN","PC_25_64","A","2000",35.187653,
"EST","EDUADULT","TRY_WOMEN","PC_25_64","A","2001",35.603615,
"EST","EDUADULT","TRY_WOMEN","PC_25_64","A","2002",35.443844,
"EST","EDUADULT","TRY_WOMEN","PC_25_64","A","2003",35.695816,
"EST","EDUADULT","TRY_WOMEN","PC_25_64","A","2004",37.194561,
"EST","EDUADULT","TRY_WOMEN","PC_25_64","A","2005",38.865856,
"EST","EDUADULT","TRY_WOMEN","PC_25_64","A","2006",38.761127,
"EST","EDUADULT","TRY_WOMEN","PC_25_64","A","2007",39.773857,
"EST","EDUADULT","TRY_WOMEN","PC_25_64","A","2008",41.563114,
"EST","EDUADULT","TRY_WOMEN","PC_25_64","A","2009",44.962532,
"EST","EDUADULT","TRY_WOMEN","PC_25_64","A","2010",43.77713,
"EST","EDUADULT","TRY_WOMEN","PC_25_64","A","2011",45.152157,
"EST","EDUADULT","TRY_WOMEN","PC_25_64","A","2012",45.828297,
"EST","EDUADULT","TRY_WOMEN","PC_25_64","A","2013",45.959515,
"EST","EDUADULT","TRY_WOMEN","PC_25_64","A","2014",46.141506,
"EST","EDUADULT","TRY_WOMEN","PC_25_64","A","2015",47.362286,
"EST","EDUADULT","TRY_WOMEN","PC_25_64","A","2016",48.067318,
"EST","EDUADULT","TRY_WOMEN","PC_25_64","A","2017",49.222305,
"EST","EDUADULT","TRY_WOMEN","PC_25_64","A","2018",51.221062,
"EST","EDUADULT","TRY_WOMEN","PC_25_64","A","2019",51.766712,
"IDN","EDUADULT","TRY_WOMEN","PC_25_64","A","2004",6.6263433,
"IDN","EDUADULT","TRY_WOMEN","PC_25_64","A","2005",4.6314678,
"IDN","EDUADULT","TRY_WOMEN","PC_25_64","A","2006",5.5037389,
"IDN","EDUADULT","TRY_WOMEN","PC_25_64","A","2007",6.5544543,
"IDN","EDUADULT","TRY_WOMEN","PC_25_64","A","2008",6.0257816,
"IDN","EDUADULT","TRY_WOMEN","PC_25_64","A","2009",7.2756858,
"IDN","EDUADULT","TRY_WOMEN","PC_25_64","A","2010",7.8890595,
"IDN","EDUADULT","TRY_WOMEN","PC_25_64","A","2011",8.0908623,
"IDN","EDUADULT","TRY_WOMEN","PC_25_64","A","2012",8.6462975,
"IDN","EDUADULT","TRY_WOMEN","PC_25_64","A","2013",9.111598,
"IDN","EDUADULT","TRY_WOMEN","PC_25_64","A","2014",9.568326,
"IDN","EDUADULT","TRY_WOMEN","PC_25_64","A","2015",10.465724,
"IDN","EDUADULT","TRY_WOMEN","PC_25_64","A","2016",11.416537,
"IDN","EDUADULT","TRY_WOMEN","PC_25_64","A","2017",11.992479,
"ISR","EDUADULT","TRY_WOMEN","PC_25_64","A","2002",44.275032,
"ISR","EDUADULT","TRY_WOMEN","PC_25_64","A","2003",45.457832,
"ISR","EDUADULT","TRY_WOMEN","PC_25_64","A","2005",45.806358,
"ISR","EDUADULT","TRY_WOMEN","PC_25_64","A","2007",47.1464,
"ISR","EDUADULT","TRY_WOMEN","PC_25_64","A","2008",47.134624,
"ISR","EDUADULT","TRY_WOMEN","PC_25_64","A","2009",48.661175,
"ISR","EDUADULT","TRY_WOMEN","PC_25_64","A","2010",49.3806,
"ISR","EDUADULT","TRY_WOMEN","PC_25_64","A","2011",49.553558,
"ISR","EDUADULT","TRY_WOMEN","PC_25_64","A","2012",50.800053,
"ISR","EDUADULT","TRY_WOMEN","PC_25_64","A","2013",51.810978,
"ISR","EDUADULT","TRY_WOMEN","PC_25_64","A","2014",53.042099,
"ISR","EDUADULT","TRY_WOMEN","PC_25_64","A","2015",52.97908,
"ISR","EDUADULT","TRY_WOMEN","PC_25_64","A","2016",54.461967,
"ISR","EDUADULT","TRY_WOMEN","PC_25_64","A","2017",55.332455,
"ISR","EDUADULT","TRY_WOMEN","PC_25_64","A","2018",54.747131,
"ISR","EDUADULT","TRY_WOMEN","PC_25_64","A","2019",55.366119,
"LVA","EDUADULT","TRY_WOMEN","PC_25_64","A","1996",18.373289,
"LVA","EDUADULT","TRY_WOMEN","PC_25_64","A","1997",17.842968,
"LVA","EDUADULT","TRY_WOMEN","PC_25_64","A","1998",18.945898,
"LVA","EDUADULT","TRY_WOMEN","PC_25_64","A","1999",19.435244,
"LVA","EDUADULT","TRY_WOMEN","PC_25_64","A","2000",19.878185,
"LVA","EDUADULT","TRY_WOMEN","PC_25_64","A","2001",20.249584,
"LVA","EDUADULT","TRY_WOMEN","PC_25_64","A","2002",21.101116,
"LVA","EDUADULT","TRY_WOMEN","PC_25_64","A","2003",20.640921,
"LVA","EDUADULT","TRY_WOMEN","PC_25_64","A","2004",22.914892,
"LVA","EDUADULT","TRY_WOMEN","PC_25_64","A","2005",23.920837,
"LVA","EDUADULT","TRY_WOMEN","PC_25_64","A","2006",25.482559,
"LVA","EDUADULT","TRY_WOMEN","PC_25_64","A","2007",26.514925,
"LVA","EDUADULT","TRY_WOMEN","PC_25_64","A","2008",30.469065,
"LVA","EDUADULT","TRY_WOMEN","PC_25_64","A","2009",32.029045,
"LVA","EDUADULT","TRY_WOMEN","PC_25_64","A","2010",32.744148,
"LVA","EDUADULT","TRY_WOMEN","PC_25_64","A","2011",34.279606,
"LVA","EDUADULT","TRY_WOMEN","PC_25_64","A","2012",36.352661,
"LVA","EDUADULT","TRY_WOMEN","PC_25_64","A","2013",38.201538,
"LVA","EDUADULT","TRY_WOMEN","PC_25_64","A","2014",37.793896,
"LVA","EDUADULT","TRY_WOMEN","PC_25_64","A","2015",40.124584,
"LVA","EDUADULT","TRY_WOMEN","PC_25_64","A","2016",41.924561,
"LVA","EDUADULT","TRY_WOMEN","PC_25_64","A","2017",42.144421,
"LVA","EDUADULT","TRY_WOMEN","PC_25_64","A","2018",42.31316,
"LVA","EDUADULT","TRY_WOMEN","PC_25_64","A","2019",43.736454,
"RUS","EDUADULT","TRY_WOMEN","PC_25_64","A","2010",57.851639,
"RUS","EDUADULT","TRY_WOMEN","PC_25_64","A","2011",58.022251,
"RUS","EDUADULT","TRY_WOMEN","PC_25_64","A","2012",58.174297,
"RUS","EDUADULT","TRY_WOMEN","PC_25_64","A","2013",58.519215,
"RUS","EDUADULT","TRY_WOMEN","PC_25_64","A","2014",58.748158,
"RUS","EDUADULT","TRY_WOMEN","PC_25_64","A","2015",59.72374,
"RUS","EDUADULT","TRY_WOMEN","PC_25_64","A","2016",60.210949,
"RUS","EDUADULT","TRY_WOMEN","PC_25_64","A","2017",63.214821,
"RUS","EDUADULT","TRY_WOMEN","PC_25_64","A","2018",63.460545,
"SAU","EDUADULT","TRY_WOMEN","PC_25_64","A","2014",22.558393,
"SAU","EDUADULT","TRY_WOMEN","PC_25_64","A","2016",23.19838,
"SVN","EDUADULT","TRY_WOMEN","PC_25_64","A","2000",17.341646,
"SVN","EDUADULT","TRY_WOMEN","PC_25_64","A","2002",17.137419,
"SVN","EDUADULT","TRY_WOMEN","PC_25_64","A","2003",20.10025,
"SVN","EDUADULT","TRY_WOMEN","PC_25_64","A","2004",21.706018,
"SVN","EDUADULT","TRY_WOMEN","PC_25_64","A","2005",22.831985,
"SVN","EDUADULT","TRY_WOMEN","PC_25_64","A","2006",24.460098,
"SVN","EDUADULT","TRY_WOMEN","PC_25_64","A","2007",25.809883,
"SVN","EDUADULT","TRY_WOMEN","PC_25_64","A","2008",26.446932,
"SVN","EDUADULT","TRY_WOMEN","PC_25_64","A","2009",27.864328,
"SVN","EDUADULT","TRY_WOMEN","PC_25_64","A","2010",28.145533,
"SVN","EDUADULT","TRY_WOMEN","PC_25_64","A","2011",30.120878,
"SVN","EDUADULT","TRY_WOMEN","PC_25_64","A","2012",31.995443,
"SVN","EDUADULT","TRY_WOMEN","PC_25_64","A","2013",33.303898,
"SVN","EDUADULT","TRY_WOMEN","PC_25_64","A","2014",34.072308,
"SVN","EDUADULT","TRY_WOMEN","PC_25_64","A","2015",36.687336,
"SVN","EDUADULT","TRY_WOMEN","PC_25_64","A","2016",37.551964,
"SVN","EDUADULT","TRY_WOMEN","PC_25_64","A","2017",39.377754,
"SVN","EDUADULT","TRY_WOMEN","PC_25_64","A","2018",38.859341,
"SVN","EDUADULT","TRY_WOMEN","PC_25_64","A","2019",40.225487,
"ZAF","EDUADULT","TRY_WOMEN","PC_25_64","A","2008",4.6959581,
"ZAF","EDUADULT","TRY_WOMEN","PC_25_64","A","2009",4.6340699,
"ZAF","EDUADULT","TRY_WOMEN","PC_25_64","A","2010",4.7288394,
"ZAF","EDUADULT","TRY_WOMEN","PC_25_64","A","2011",5.2348843,
"ZAF","EDUADULT","TRY_WOMEN","PC_25_64","A","2012",5.3235674,
"ZAF","EDUADULT","TRY_WOMEN","PC_25_64","A","2013",6.2654891,
"ZAF","EDUADULT","TRY_WOMEN","PC_25_64","A","2014",6.299407,
"ZAF","EDUADULT","TRY_WOMEN","PC_25_64","A","2015",7.0755095,
"ZAF","EDUADULT","TRY_WOMEN","PC_25_64","A","2016",7.1462154,
"ZAF","EDUADULT","TRY_WOMEN","PC_25_64","A","2017",7.6512842,
"ZAF","EDUADULT","TRY_WOMEN","PC_25_64","A","2018",7.3414416,
"OAVG","EDUADULT","TRY_WOMEN","PC_25_64","A","1998",19.068987,
"OAVG","EDUADULT","TRY_WOMEN","PC_25_64","A","1999",19.553185,
"OAVG","EDUADULT","TRY_WOMEN","PC_25_64","A","2000",21.690475,
"OAVG","EDUADULT","TRY_WOMEN","PC_25_64","A","2001",21.623345,
"OAVG","EDUADULT","TRY_WOMEN","PC_25_64","A","2002",23.110121,
"OAVG","EDUADULT","TRY_WOMEN","PC_25_64","A","2003",24.734489,
"OAVG","EDUADULT","TRY_WOMEN","PC_25_64","A","2004",25.114838,
"OAVG","EDUADULT","TRY_WOMEN","PC_25_64","A","2005",26.782889,
"OAVG","EDUADULT","TRY_WOMEN","PC_25_64","A","2006",27.22003,
"OAVG","EDUADULT","TRY_WOMEN","PC_25_64","A","2007",28.582167,
"OAVG","EDUADULT","TRY_WOMEN","PC_25_64","A","2008",29.772256,
"OAVG","EDUADULT","TRY_WOMEN","PC_25_64","A","2009",30.774446,
"OAVG","EDUADULT","TRY_WOMEN","PC_25_64","A","2010",31.928823,
"OAVG","EDUADULT","TRY_WOMEN","PC_25_64","A","2011",32.590421,
"OAVG","EDUADULT","TRY_WOMEN","PC_25_64","A","2012",34.337438,
"OAVG","EDUADULT","TRY_WOMEN","PC_25_64","A","2013",35.020565,
"OAVG","EDUADULT","TRY_WOMEN","PC_25_64","A","2014",36.043136,
"OAVG","EDUADULT","TRY_WOMEN","PC_25_64","A","2015",36.670482,
"OAVG","EDUADULT","TRY_WOMEN","PC_25_64","A","2016",37.876262,
"OAVG","EDUADULT","TRY_WOMEN","PC_25_64","A","2017",38.76795,
"OAVG","EDUADULT","TRY_WOMEN","PC_25_64","A","2018",40.172275,
"OAVG","EDUADULT","TRY_WOMEN","PC_25_64","A","2019",41.380488,
"IND","EDUADULT","TRY_WOMEN","PC_25_64","A","2011",7.7748356,
"LTU","EDUADULT","TRY_WOMEN","PC_25_64","A","2000",46.26981,
"LTU","EDUADULT","TRY_WOMEN","PC_25_64","A","2005",30.080574,
"LTU","EDUADULT","TRY_WOMEN","PC_25_64","A","2006",30.722498,
"LTU","EDUADULT","TRY_WOMEN","PC_25_64","A","2007",32.90799,
"LTU","EDUADULT","TRY_WOMEN","PC_25_64","A","2008",35.041939,
"LTU","EDUADULT","TRY_WOMEN","PC_25_64","A","2009",35.96101,
"LTU","EDUADULT","TRY_WOMEN","PC_25_64","A","2010",38.24588,
"LTU","EDUADULT","TRY_WOMEN","PC_25_64","A","2011",39.308311,
"LTU","EDUADULT","TRY_WOMEN","PC_25_64","A","2012",40.19408,
"LTU","EDUADULT","TRY_WOMEN","PC_25_64","A","2013",41.460518,
"LTU","EDUADULT","TRY_WOMEN","PC_25_64","A","2014",42.570419,
"LTU","EDUADULT","TRY_WOMEN","PC_25_64","A","2015",45.31752,
"LTU","EDUADULT","TRY_WOMEN","PC_25_64","A","2016",47.049824,
"LTU","EDUADULT","TRY_WOMEN","PC_25_64","A","2017",47.334618,
"LTU","EDUADULT","TRY_WOMEN","PC_25_64","A","2018",48.837761,
"LTU","EDUADULT","TRY_WOMEN","PC_25_64","A","2019",50.450352,
"CRI","EDUADULT","TRY_WOMEN","PC_25_64","A","1987",9.7411337,
"CRI","EDUADULT","TRY_WOMEN","PC_25_64","A","1988",10.528621,
"CRI","EDUADULT","TRY_WOMEN","PC_25_64","A","1989",11.043863,
"CRI","EDUADULT","TRY_WOMEN","PC_25_64","A","1990",11.583088,
"CRI","EDUADULT","TRY_WOMEN","PC_25_64","A","1991",9.9588661,
"CRI","EDUADULT","TRY_WOMEN","PC_25_64","A","1992",11.607765,
"CRI","EDUADULT","TRY_WOMEN","PC_25_64","A","1993",12.533188,
"CRI","EDUADULT","TRY_WOMEN","PC_25_64","A","1994",12.538079,
"CRI","EDUADULT","TRY_WOMEN","PC_25_64","A","1995",13.643369,
"CRI","EDUADULT","TRY_WOMEN","PC_25_64","A","1996",12.881759,
"CRI","EDUADULT","TRY_WOMEN","PC_25_64","A","1997",14.044616,
"CRI","EDUADULT","TRY_WOMEN","PC_25_64","A","1998",16.776888,
"CRI","EDUADULT","TRY_WOMEN","PC_25_64","A","1999",16.384277,
"CRI","EDUADULT","TRY_WOMEN","PC_25_64","A","2000",16.3312,
"CRI","EDUADULT","TRY_WOMEN","PC_25_64","A","2001",17.608408,
"CRI","EDUADULT","TRY_WOMEN","PC_25_64","A","2002",17.969522,
"CRI","EDUADULT","TRY_WOMEN","PC_25_64","A","2003",18.733418,
"CRI","EDUADULT","TRY_WOMEN","PC_25_64","A","2004",19.316385,
"CRI","EDUADULT","TRY_WOMEN","PC_25_64","A","2005",20.576881,
"CRI","EDUADULT","TRY_WOMEN","PC_25_64","A","2006",21.664228,
"CRI","EDUADULT","TRY_WOMEN","PC_25_64","A","2007",22.010872,
"CRI","EDUADULT","TRY_WOMEN","PC_25_64","A","2008",22.817001,
"CRI","EDUADULT","TRY_WOMEN","PC_25_64","A","2009",24.131628,
"CRI","EDUADULT","TRY_WOMEN","PC_25_64","A","2010",21.925285,
"CRI","EDUADULT","TRY_WOMEN","PC_25_64","A","2011",22.210791,
"CRI","EDUADULT","TRY_WOMEN","PC_25_64","A","2012",24.033546,
"CRI","EDUADULT","TRY_WOMEN","PC_25_64","A","2013",24.794907,
"CRI","EDUADULT","TRY_WOMEN","PC_25_64","A","2014",24.262573,
"CRI","EDUADULT","TRY_WOMEN","PC_25_64","A","2015",24.09667,
"CRI","EDUADULT","TRY_WOMEN","PC_25_64","A","2016",24.779873,
"CRI","EDUADULT","TRY_WOMEN","PC_25_64","A","2017",24.189367,
"CRI","EDUADULT","TRY_WOMEN","PC_25_64","A","2018",23.628597,
"CRI","EDUADULT","TRY_WOMEN","PC_25_64","A","2019",26.251854,
"G20","EDUADULT","TRY_WOMEN","PC_25_64","A","2010",28.731463,
"G20","EDUADULT","TRY_WOMEN","PC_25_64","A","2011",28.427593,
